{"name": "/usr/users/gpusdi1/gpusdi1_42/Bureau/logs_final/resnet_0", "Loss": 0.32464750046663354, "Acc": 0.8983980842110157, "macro F1": 0.798191769151738}